Row Labels,Average of Value
2022484408,80.23685952
2026352035,93.77630522
2347167796,76.72279167
4020332650,82.30057696
4388161847,66.13299806
4558609924,81.67394675
5553957443,62.76998574
Grand Total,77.024704
