Row Labels,Average of BMI
1503960366,22.64999962
1927972279,47.54000092
2873212765,21.57000065
4319703577,27.41499996
4558609924,27.21399994
5577150313,28
6962181067,24.02799975
8877689391,25.48708336
Grand Total,25.18522379
